{"cameraMode":{"drawMode":0,"name":"Shaded","section":"Shading Mode"},"sceneLighting":false,"audioPlay":false,"sceneViewState":{"m_AlwaysRefresh":false,"showFog":false,"showSkybox":false,"showFlares":true,"showImageEffects":true,"showParticleSystems":true,"showVisualEffectGraphs":true,"m_FxEnabled":true},"in2DMode":false,"pivot":{"x":0.004491344094276428,"y":1.1528208255767823,"z":-0.8789278268814087},"rotation":{"x":-0.045865658670663837,"y":0.021253863349556924,"z":-0.0010045571252703667,"w":-0.9987189769744873},"size":0.5297640562057495,"orthographic":false}