{"cameraMode":{"drawMode":0,"name":"Shaded","section":"Shading Mode"},"sceneLighting":false,"audioPlay":false,"sceneViewState":{"m_AlwaysRefresh":false,"showFog":false,"showSkybox":false,"showFlares":true,"showImageEffects":true,"showParticleSystems":true,"showVisualEffectGraphs":true,"m_FxEnabled":true},"in2DMode":false,"pivot":{"x":-0.10865788161754608,"y":0.05877018719911575,"z":0.055426646023988727},"rotation":{"x":-0.02109801210463047,"y":-0.6650190353393555,"z":0.01915765553712845,"w":-0.7463586926460266},"size":0.07921493053436279,"orthographic":false}