{"cameraMode":{"drawMode":0,"name":"Shaded","section":"Shading Mode"},"sceneLighting":false,"audioPlay":false,"sceneViewState":{"m_AlwaysRefresh":false,"showFog":false,"showSkybox":false,"showFlares":true,"showImageEffects":true,"showParticleSystems":true,"showVisualEffectGraphs":true,"m_FxEnabled":true},"in2DMode":false,"pivot":{"x":0.5871042609214783,"y":-11.498553276062012,"z":12.045312881469727},"rotation":{"x":0.364170104265213,"y":0.026537412777543069,"z":-0.010383125394582749,"w":0.9309014678001404},"size":9.602696418762207,"orthographic":false}