{"cameraMode":{"drawMode":0,"name":"Shaded","section":"Shading Mode"},"sceneLighting":false,"audioPlay":false,"sceneViewState":{"m_AlwaysRefresh":false,"showFog":false,"showSkybox":false,"showFlares":true,"showImageEffects":true,"showParticleSystems":true,"showVisualEffectGraphs":true,"m_FxEnabled":true},"in2DMode":false,"pivot":{"x":-0.07242441177368164,"y":0.8184604644775391,"z":0.48082709312438967},"rotation":{"x":0.02189103700220585,"y":-0.00656300550326705,"z":0.0002845093549694866,"w":0.9997345805168152},"size":0.7649182677268982,"orthographic":false}