{"cameraMode":{"drawMode":0,"name":"Shaded","section":"Shading Mode"},"sceneLighting":false,"audioPlay":false,"sceneViewState":{"m_AlwaysRefresh":false,"showFog":false,"showSkybox":false,"showFlares":true,"showImageEffects":true,"showParticleSystems":true,"showVisualEffectGraphs":true,"m_FxEnabled":true},"in2DMode":false,"pivot":{"x":-0.0004199780523777008,"y":0.023233532905578615,"z":0.27338409423828127},"rotation":{"x":-0.031485412269830707,"y":-0.02397516556084156,"z":0.0007565212436020374,"w":-0.9992125034332275},"size":0.39893850684165957,"orthographic":false}