{"cameraMode":{"drawMode":0,"name":"Shaded","section":"Shading Mode"},"sceneLighting":false,"audioPlay":false,"sceneViewState":{"m_AlwaysRefresh":false,"showFog":false,"showSkybox":false,"showFlares":true,"showImageEffects":true,"showParticleSystems":true,"showVisualEffectGraphs":true,"m_FxEnabled":true},"in2DMode":false,"pivot":{"x":5.558791160583496,"y":0.4219210743904114,"z":0.35674524307250979},"rotation":{"x":0.03294761851429939,"y":0.8941395878791809,"z":-0.06661961227655411,"w":0.44151541590690615},"size":2.991931438446045,"orthographic":false}