{"cameraMode":{"drawMode":0,"name":"Shaded","section":"Shading Mode"},"sceneLighting":true,"audioPlay":false,"sceneViewState":{"m_AlwaysRefresh":false,"showFog":false,"showSkybox":true,"showFlares":true,"showImageEffects":true,"showParticleSystems":true,"showVisualEffectGraphs":true,"m_FxEnabled":true},"in2DMode":false,"pivot":{"x":125.62315368652344,"y":21.75316047668457,"z":123.72686004638672},"rotation":{"x":0.02215610072016716,"y":0.3262535631656647,"z":-0.007506371475756168,"w":0.9449804425239563},"size":15.049485206604004,"orthographic":false}