{"cameraMode":{"drawMode":0,"name":"Shaded","section":"Shading Mode"},"sceneLighting":false,"audioPlay":false,"sceneViewState":{"m_AlwaysRefresh":false,"showFog":false,"showSkybox":false,"showFlares":true,"showImageEffects":true,"showParticleSystems":true,"showVisualEffectGraphs":true,"m_FxEnabled":true},"in2DMode":false,"pivot":{"x":0.11636856198310852,"y":-0.15334874391555787,"z":1.044217586517334},"rotation":{"x":-0.06480375677347183,"y":-0.08677646517753601,"z":0.0056555368937551979,"w":-0.9941991567611694},"size":0.7076452970504761,"orthographic":false}