{"cameraMode":{"drawMode":0,"name":"Shaded","section":"Shading Mode"},"sceneLighting":false,"audioPlay":false,"sceneViewState":{"m_AlwaysRefresh":false,"showFog":false,"showSkybox":false,"showFlares":true,"showImageEffects":true,"showParticleSystems":true,"showVisualEffectGraphs":true,"m_FxEnabled":true},"in2DMode":false,"pivot":{"x":0.07284493744373322,"y":-0.03946631774306297,"z":0.9789565205574036},"rotation":{"x":-0.02938765287399292,"y":0.0047770231030881409,"z":-0.00017527899763081223,"w":-0.999529242515564},"size":0.8660253882408142,"orthographic":false}