{"cameraMode":{"drawMode":0,"name":"Shaded","section":"Shading Mode"},"sceneLighting":false,"audioPlay":false,"sceneViewState":{"m_AlwaysRefresh":false,"showFog":false,"showSkybox":false,"showFlares":true,"showImageEffects":true,"showParticleSystems":true,"showVisualEffectGraphs":true,"m_FxEnabled":true},"in2DMode":false,"pivot":{"x":-0.454507440328598,"y":0.7562673687934876,"z":0.664694607257843},"rotation":{"x":-0.03529438003897667,"y":0.06856030970811844,"z":-0.002565796719864011,"w":-0.9970300197601318},"size":1.0072658061981202,"orthographic":false}